arch,model_id,method,task,sample_size,seed,accuracy,majority_baseline,collapsed,exploded,max_grad_norm_observed,trainable_params,total_params,trainable_ratio
decoder-only,Qwen/Qwen3-0.6B,bitfit,mrpc,48,7,0.5563725490196079,0.6838235294117647,True,False,62.5,2048,596051968,3.435942015042554e-06
decoder-only,Qwen/Qwen3-0.6B,bitfit,mrpc,48,13,0.6764705882352942,0.6838235294117647,True,False,118.5,2048,596051968,3.435942015042554e-06
decoder-only,Qwen/Qwen3-0.6B,bitfit,mrpc,48,29,0.6715686274509803,0.6838235294117647,True,False,61.75,2048,596051968,3.435942015042554e-06
decoder-only,Qwen/Qwen3-0.6B,bitfit,mrpc,96,7,0.6397058823529411,0.6838235294117647,True,False,53.0,2048,596051968,3.435942015042554e-06
decoder-only,Qwen/Qwen3-0.6B,bitfit,mrpc,96,13,0.6715686274509803,0.6838235294117647,True,False,117.5,2048,596051968,3.435942015042554e-06
decoder-only,Qwen/Qwen3-0.6B,bitfit,mrpc,96,29,0.6617647058823529,0.6838235294117647,True,False,52.25,2048,596051968,3.435942015042554e-06
decoder-only,Qwen/Qwen3-0.6B,bitfit,mrpc,192,7,0.6446078431372549,0.6838235294117647,True,False,64.0,2048,596051968,3.435942015042554e-06
decoder-only,Qwen/Qwen3-0.6B,bitfit,mrpc,192,13,0.7009803921568627,0.6838235294117647,False,False,112.0,2048,596051968,3.435942015042554e-06
decoder-only,Qwen/Qwen3-0.6B,bitfit,mrpc,192,29,0.678921568627451,0.6838235294117647,True,False,52.75,2048,596051968,3.435942015042554e-06
decoder-only,Qwen/Qwen3-0.6B,bitfit,mrpc,384,7,0.7083333333333334,0.6838235294117647,False,False,71.5,2048,596051968,3.435942015042554e-06
decoder-only,Qwen/Qwen3-0.6B,bitfit,mrpc,384,13,0.7156862745098039,0.6838235294117647,False,False,97.0,2048,596051968,3.435942015042554e-06
decoder-only,Qwen/Qwen3-0.6B,bitfit,mrpc,384,29,0.6887254901960784,0.6838235294117647,False,False,59.0,2048,596051968,3.435942015042554e-06
decoder-only,Qwen/Qwen3-0.6B,bitfit,qnli,48,7,0.5464030752333883,0.5053999633900788,False,False,47.0,2048,596051968,3.435942015042554e-06
decoder-only,Qwen/Qwen3-0.6B,bitfit,qnli,48,13,0.5398132894014278,0.5053999633900788,False,False,90.5,2048,596051968,3.435942015042554e-06
decoder-only,Qwen/Qwen3-0.6B,bitfit,qnli,48,29,0.5198608822991031,0.5053999633900788,False,False,35.25,2048,596051968,3.435942015042554e-06
decoder-only,Qwen/Qwen3-0.6B,bitfit,qnli,96,7,0.5665385319421563,0.5053999633900788,False,False,70.5,2048,596051968,3.435942015042554e-06
decoder-only,Qwen/Qwen3-0.6B,bitfit,qnli,96,13,0.5740435658063335,0.5053999633900788,False,False,107.0,2048,596051968,3.435942015042554e-06
decoder-only,Qwen/Qwen3-0.6B,bitfit,qnli,96,29,0.5354200988467874,0.5053999633900788,False,False,51.75,2048,596051968,3.435942015042554e-06
decoder-only,Qwen/Qwen3-0.6B,bitfit,qnli,192,7,0.5822807980962841,0.5053999633900788,False,False,76.5,2048,596051968,3.435942015042554e-06
decoder-only,Qwen/Qwen3-0.6B,bitfit,qnli,192,13,0.585941790225151,0.5053999633900788,False,False,105.0,2048,596051968,3.435942015042554e-06
decoder-only,Qwen/Qwen3-0.6B,bitfit,qnli,192,29,0.5601317957166392,0.5053999633900788,False,False,56.75,2048,596051968,3.435942015042554e-06
decoder-only,Qwen/Qwen3-0.6B,bitfit,qnli,384,7,0.6095551894563427,0.5053999633900788,False,False,96.0,2048,596051968,3.435942015042554e-06
decoder-only,Qwen/Qwen3-0.6B,bitfit,qnli,384,13,0.6159619256818598,0.5053999633900788,False,False,106.5,2048,596051968,3.435942015042554e-06
decoder-only,Qwen/Qwen3-0.6B,bitfit,qnli,384,29,0.6025993044114956,0.5053999633900788,False,False,63.0,2048,596051968,3.435942015042554e-06
decoder-only,Qwen/Qwen3-0.6B,bitfit,rte,48,7,0.51985559566787,0.5270758122743683,True,False,77.0,2048,596051968,3.435942015042554e-06
decoder-only,Qwen/Qwen3-0.6B,bitfit,rte,48,13,0.555956678700361,0.5270758122743683,False,False,78.0,2048,596051968,3.435942015042554e-06
decoder-only,Qwen/Qwen3-0.6B,bitfit,rte,48,29,0.4620938628158845,0.5270758122743683,True,False,53.0,2048,596051968,3.435942015042554e-06
decoder-only,Qwen/Qwen3-0.6B,bitfit,rte,96,7,0.5379061371841155,0.5270758122743683,False,False,74.0,2048,596051968,3.435942015042554e-06
decoder-only,Qwen/Qwen3-0.6B,bitfit,rte,96,13,0.5667870036101083,0.5270758122743683,False,False,78.5,2048,596051968,3.435942015042554e-06
decoder-only,Qwen/Qwen3-0.6B,bitfit,rte,96,29,0.47653429602888087,0.5270758122743683,True,False,49.0,2048,596051968,3.435942015042554e-06
decoder-only,Qwen/Qwen3-0.6B,bitfit,rte,192,7,0.555956678700361,0.5270758122743683,False,False,91.5,2048,596051968,3.435942015042554e-06
decoder-only,Qwen/Qwen3-0.6B,bitfit,rte,192,13,0.5848375451263538,0.5270758122743683,False,False,106.0,2048,596051968,3.435942015042554e-06
decoder-only,Qwen/Qwen3-0.6B,bitfit,rte,192,29,0.5090252707581228,0.5270758122743683,True,False,58.75,2048,596051968,3.435942015042554e-06
decoder-only,Qwen/Qwen3-0.6B,bitfit,rte,384,7,0.5379061371841155,0.5270758122743683,False,False,106.5,2048,596051968,3.435942015042554e-06
decoder-only,Qwen/Qwen3-0.6B,bitfit,rte,384,13,0.6353790613718412,0.5270758122743683,False,False,98.0,2048,596051968,3.435942015042554e-06
decoder-only,Qwen/Qwen3-0.6B,bitfit,rte,384,29,0.5306859205776173,0.5270758122743683,False,False,73.0,2048,596051968,3.435942015042554e-06
decoder-only,Qwen/Qwen3-0.6B,bitfit,sst2,48,7,0.5091743119266054,0.5091743119266054,False,False,87.5,2048,596051968,3.435942015042554e-06
decoder-only,Qwen/Qwen3-0.6B,bitfit,sst2,48,13,0.5160550458715596,0.5091743119266054,False,False,33.0,2048,596051968,3.435942015042554e-06
decoder-only,Qwen/Qwen3-0.6B,bitfit,sst2,48,29,0.5378440366972477,0.5091743119266054,False,False,53.25,2048,596051968,3.435942015042554e-06
decoder-only,Qwen/Qwen3-0.6B,bitfit,sst2,96,7,0.5389908256880734,0.5091743119266054,False,False,72.0,2048,596051968,3.435942015042554e-06
decoder-only,Qwen/Qwen3-0.6B,bitfit,sst2,96,13,0.6181192660550459,0.5091743119266054,False,False,42.5,2048,596051968,3.435942015042554e-06
decoder-only,Qwen/Qwen3-0.6B,bitfit,sst2,96,29,0.591743119266055,0.5091743119266054,False,False,53.0,2048,596051968,3.435942015042554e-06
decoder-only,Qwen/Qwen3-0.6B,bitfit,sst2,192,7,0.5848623853211009,0.5091743119266054,False,False,98.5,2048,596051968,3.435942015042554e-06
decoder-only,Qwen/Qwen3-0.6B,bitfit,sst2,192,13,0.6674311926605505,0.5091743119266054,False,False,51.75,2048,596051968,3.435942015042554e-06
decoder-only,Qwen/Qwen3-0.6B,bitfit,sst2,192,29,0.713302752293578,0.5091743119266054,False,False,54.5,2048,596051968,3.435942015042554e-06
decoder-only,Qwen/Qwen3-0.6B,bitfit,sst2,384,7,0.7052752293577982,0.5091743119266054,False,False,84.0,2048,596051968,3.435942015042554e-06
decoder-only,Qwen/Qwen3-0.6B,bitfit,sst2,384,13,0.7694954128440367,0.5091743119266054,False,False,70.5,2048,596051968,3.435942015042554e-06
decoder-only,Qwen/Qwen3-0.6B,bitfit,sst2,384,29,0.7259174311926605,0.5091743119266054,False,False,52.75,2048,596051968,3.435942015042554e-06
decoder-only,Qwen/Qwen3-0.6B,ia3,mrpc,48,7,0.5612745098039216,0.6838235294117647,True,False,62.52642059326172,174080,596226048,0.0002919698000178617
decoder-only,Qwen/Qwen3-0.6B,ia3,mrpc,48,13,0.678921568627451,0.6838235294117647,True,False,118.55159759521484,174080,596226048,0.0002919698000178617
decoder-only,Qwen/Qwen3-0.6B,ia3,mrpc,48,29,0.6715686274509803,0.6838235294117647,True,False,61.780757904052734,174080,596226048,0.0002919698000178617
decoder-only,Qwen/Qwen3-0.6B,ia3,mrpc,96,7,0.6666666666666666,0.6838235294117647,True,False,53.023189544677734,174080,596226048,0.0002919698000178617
decoder-only,Qwen/Qwen3-0.6B,ia3,mrpc,96,13,0.6764705882352942,0.6838235294117647,True,False,117.54515075683594,174080,596226048,0.0002919698000178617
decoder-only,Qwen/Qwen3-0.6B,ia3,mrpc,96,29,0.6691176470588235,0.6838235294117647,True,False,52.28261184692383,174080,596226048,0.0002919698000178617
decoder-only,Qwen/Qwen3-0.6B,ia3,mrpc,192,7,0.6666666666666666,0.6838235294117647,True,False,64.03340148925781,174080,596226048,0.0002919698000178617
decoder-only,Qwen/Qwen3-0.6B,ia3,mrpc,192,13,0.7034313725490197,0.6838235294117647,False,False,112.04353332519531,174080,596226048,0.0002919698000178617
decoder-only,Qwen/Qwen3-0.6B,ia3,mrpc,192,29,0.6985294117647058,0.6838235294117647,False,False,52.77973175048828,174080,596226048,0.0002919698000178617
decoder-only,Qwen/Qwen3-0.6B,ia3,mrpc,384,7,0.7205882352941176,0.6838235294117647,False,False,71.52702331542969,174080,596226048,0.0002919698000178617
decoder-only,Qwen/Qwen3-0.6B,ia3,mrpc,384,13,0.7230392156862745,0.6838235294117647,False,False,97.03417205810547,174080,596226048,0.0002919698000178617
decoder-only,Qwen/Qwen3-0.6B,ia3,mrpc,384,29,0.7132352941176471,0.6838235294117647,False,False,59.033348083496094,174080,596226048,0.0002919698000178617
decoder-only,Qwen/Qwen3-0.6B,ia3,qnli,48,7,0.5489657697235951,0.5053999633900788,False,False,47.01652908325195,174080,596226048,0.0002919698000178617
decoder-only,Qwen/Qwen3-0.6B,ia3,qnli,48,13,0.5361522972725609,0.5053999633900788,False,False,90.5274887084961,174080,596226048,0.0002919698000178617
decoder-only,Qwen/Qwen3-0.6B,ia3,qnli,48,29,0.5240710232473,0.5053999633900788,False,False,35.26605987548828,174080,596226048,0.0002919698000178617
decoder-only,Qwen/Qwen3-0.6B,ia3,qnli,96,7,0.5828299469156142,0.5053999633900788,False,False,70.53610229492188,174080,596226048,0.0002919698000178617
decoder-only,Qwen/Qwen3-0.6B,ia3,qnli,96,13,0.581182500457624,0.5053999633900788,False,False,107.03121948242188,174080,596226048,0.0002919698000178617
decoder-only,Qwen/Qwen3-0.6B,ia3,qnli,96,29,0.5464030752333883,0.5053999633900788,False,False,49.767032623291016,174080,596226048,0.0002919698000178617
decoder-only,Qwen/Qwen3-0.6B,ia3,qnli,192,7,0.6144975288303131,0.5053999633900788,False,False,76.53501892089844,174080,596226048,0.0002919698000178617
decoder-only,Qwen/Qwen3-0.6B,ia3,qnli,192,13,0.6018671059857221,0.5053999633900788,False,False,105.03491973876953,174080,596226048,0.0002919698000178617
decoder-only,Qwen/Qwen3-0.6B,ia3,qnli,192,29,0.5897858319604613,0.5053999633900788,False,False,56.77267837524414,174080,596226048,0.0002919698000178617
decoder-only,Qwen/Qwen3-0.6B,ia3,qnli,384,7,0.6615412776862529,0.5053999633900788,False,False,96.03791809082031,174080,596226048,0.0002919698000178617
decoder-only,Qwen/Qwen3-0.6B,ia3,qnli,384,13,0.662639575324913,0.5053999633900788,False,False,106.52836608886719,174080,596226048,0.0002919698000178617
decoder-only,Qwen/Qwen3-0.6B,ia3,qnli,384,29,0.6617243272926964,0.5053999633900788,False,False,63.77426528930664,174080,596226048,0.0002919698000178617
decoder-only,Qwen/Qwen3-0.6B,ia3,rte,48,7,0.516245487364621,0.5270758122743683,True,False,77.02730560302734,174080,596226048,0.0002919698000178617
decoder-only,Qwen/Qwen3-0.6B,ia3,rte,48,13,0.555956678700361,0.5270758122743683,False,False,78.0237808227539,174080,596226048,0.0002919698000178617
decoder-only,Qwen/Qwen3-0.6B,ia3,rte,48,29,0.4620938628158845,0.5270758122743683,True,False,53.02349090576172,174080,596226048,0.0002919698000178617
decoder-only,Qwen/Qwen3-0.6B,ia3,rte,96,7,0.5487364620938628,0.5270758122743683,False,False,74.02195739746094,174080,596226048,0.0002919698000178617
decoder-only,Qwen/Qwen3-0.6B,ia3,rte,96,13,0.5703971119133574,0.5270758122743683,False,False,78.52423095703125,174080,596226048,0.0002919698000178617
decoder-only,Qwen/Qwen3-0.6B,ia3,rte,96,29,0.48014440433212996,0.5270758122743683,True,False,49.021148681640625,174080,596226048,0.0002919698000178617
decoder-only,Qwen/Qwen3-0.6B,ia3,rte,192,7,0.5667870036101083,0.5270758122743683,False,False,91.53001403808594,174080,596226048,0.0002919698000178617
decoder-only,Qwen/Qwen3-0.6B,ia3,rte,192,13,0.5956678700361011,0.5270758122743683,False,False,106.02655029296875,174080,596226048,0.0002919698000178617
decoder-only,Qwen/Qwen3-0.6B,ia3,rte,192,29,0.5234657039711191,0.5270758122743683,True,False,58.52045822143555,174080,596226048,0.0002919698000178617
decoder-only,Qwen/Qwen3-0.6B,ia3,rte,384,7,0.5848375451263538,0.5270758122743683,False,False,106.5342788696289,174080,596226048,0.0002919698000178617
decoder-only,Qwen/Qwen3-0.6B,ia3,rte,384,13,0.631768953068592,0.5270758122743683,False,False,98.02953338623047,174080,596226048,0.0002919698000178617
decoder-only,Qwen/Qwen3-0.6B,ia3,rte,384,29,0.5415162454873647,0.5270758122743683,False,False,73.0238037109375,174080,596226048,0.0002919698000178617
decoder-only,Qwen/Qwen3-0.6B,ia3,sst2,48,7,0.5080275229357798,0.5091743119266054,True,False,87.52352905273438,174080,596226048,0.0002919698000178617
decoder-only,Qwen/Qwen3-0.6B,ia3,sst2,48,13,0.5206422018348624,0.5091743119266054,False,False,32.75952911376953,174080,596226048,0.0002919698000178617
decoder-only,Qwen/Qwen3-0.6B,ia3,sst2,48,29,0.536697247706422,0.5091743119266054,False,False,53.26354217529297,174080,596226048,0.0002919698000178617
decoder-only,Qwen/Qwen3-0.6B,ia3,sst2,96,7,0.5424311926605505,0.5091743119266054,False,False,72.02165222167969,174080,596226048,0.0002919698000178617
decoder-only,Qwen/Qwen3-0.6B,ia3,sst2,96,13,0.6330275229357798,0.5091743119266054,False,False,40.26250457763672,174080,596226048,0.0002919698000178617
decoder-only,Qwen/Qwen3-0.6B,ia3,sst2,96,29,0.5940366972477065,0.5091743119266054,False,False,53.010765075683594,174080,596226048,0.0002919698000178617
decoder-only,Qwen/Qwen3-0.6B,ia3,sst2,192,7,0.5825688073394495,0.5091743119266054,False,False,98.52582550048828,174080,596226048,0.0002919698000178617
decoder-only,Qwen/Qwen3-0.6B,ia3,sst2,192,13,0.6536697247706422,0.5091743119266054,False,False,51.76386260986328,174080,596226048,0.0002919698000178617
decoder-only,Qwen/Qwen3-0.6B,ia3,sst2,192,29,0.7442660550458715,0.5091743119266054,False,False,54.512657165527344,174080,596226048,0.0002919698000178617
decoder-only,Qwen/Qwen3-0.6B,ia3,sst2,384,7,0.7259174311926605,0.5091743119266054,False,False,84.02548217773438,174080,596226048,0.0002919698000178617
decoder-only,Qwen/Qwen3-0.6B,ia3,sst2,384,13,0.7958715596330275,0.5091743119266054,False,False,70.51570129394531,174080,596226048,0.0002919698000178617
decoder-only,Qwen/Qwen3-0.6B,ia3,sst2,384,29,0.7912844036697247,0.5091743119266054,False,False,52.5108642578125,174080,596226048,0.0002919698000178617
decoder-only,Qwen/Qwen3-0.6B,lora,mrpc,48,7,0.6274509803921569,0.6838235294117647,True,False,62.94813537597656,1148928,597200896,0.001923855117591786
decoder-only,Qwen/Qwen3-0.6B,lora,mrpc,48,13,0.6666666666666666,0.6838235294117647,True,False,119.27256774902344,1148928,597200896,0.001923855117591786
decoder-only,Qwen/Qwen3-0.6B,lora,mrpc,48,29,0.6519607843137255,0.6838235294117647,True,False,62.339447021484375,1148928,597200896,0.001923855117591786
decoder-only,Qwen/Qwen3-0.6B,lora,mrpc,96,7,0.7107843137254902,0.6838235294117647,False,False,49.3616943359375,1148928,597200896,0.001923855117591786
decoder-only,Qwen/Qwen3-0.6B,lora,mrpc,96,13,0.6911764705882353,0.6838235294117647,False,False,118.2625732421875,1148928,597200896,0.001923855117591786
decoder-only,Qwen/Qwen3-0.6B,lora,mrpc,96,29,0.7132352941176471,0.6838235294117647,False,False,51.265655517578125,1148928,597200896,0.001923855117591786
decoder-only,Qwen/Qwen3-0.6B,lora,mrpc,192,7,0.7328431372549019,0.6838235294117647,False,False,74.03836822509766,1148928,597200896,0.001923855117591786
decoder-only,Qwen/Qwen3-0.6B,lora,mrpc,192,13,0.7254901960784313,0.6838235294117647,False,False,110.706787109375,1148928,597200896,0.001923855117591786
decoder-only,Qwen/Qwen3-0.6B,lora,mrpc,192,29,0.7475490196078431,0.6838235294117647,False,False,60.23478317260742,1148928,597200896,0.001923855117591786
decoder-only,Qwen/Qwen3-0.6B,lora,mrpc,384,7,0.7475490196078431,0.6838235294117647,False,False,71.50884246826172,1148928,597200896,0.001923855117591786
decoder-only,Qwen/Qwen3-0.6B,lora,mrpc,384,13,0.7230392156862745,0.6838235294117647,False,False,93.59769439697266,1148928,597200896,0.001923855117591786
decoder-only,Qwen/Qwen3-0.6B,lora,mrpc,384,29,0.7475490196078431,0.6838235294117647,False,False,57.104671478271484,1148928,597200896,0.001923855117591786
decoder-only,Qwen/Qwen3-0.6B,lora,qnli,48,7,0.6468973091707853,0.5053999633900788,False,False,46.02812576293945,1148928,597200896,0.001923855117591786
decoder-only,Qwen/Qwen3-0.6B,lora,qnli,48,13,0.5950942705473183,0.5053999633900788,False,False,89.01109313964844,1148928,597200896,0.001923855117591786
decoder-only,Qwen/Qwen3-0.6B,lora,qnli,48,29,0.6479956068094453,0.5053999633900788,False,False,34.79550552368164,1148928,597200896,0.001923855117591786
decoder-only,Qwen/Qwen3-0.6B,lora,qnli,96,7,0.7289035328574044,0.5053999633900788,False,False,71.1299819946289,1148928,597200896,0.001923855117591786
decoder-only,Qwen/Qwen3-0.6B,lora,qnli,96,13,0.6538531942156325,0.5053999633900788,False,False,98.02667236328125,1148928,597200896,0.001923855117591786
decoder-only,Qwen/Qwen3-0.6B,lora,qnli,96,29,0.7777777777777778,0.5053999633900788,False,False,36.09798049926758,1148928,597200896,0.001923855117591786
decoder-only,Qwen/Qwen3-0.6B,lora,qnli,192,7,0.8112758557569101,0.5053999633900788,False,False,77.5849838256836,1148928,597200896,0.001923855117591786
decoder-only,Qwen/Qwen3-0.6B,lora,qnli,192,13,0.779974373055098,0.5053999633900788,False,False,105.581298828125,1148928,597200896,0.001923855117591786
decoder-only,Qwen/Qwen3-0.6B,lora,qnli,192,29,0.8189639392275306,0.5053999633900788,False,False,67.57805633544922,1148928,597200896,0.001923855117591786
decoder-only,Qwen/Qwen3-0.6B,lora,qnli,384,7,0.818048691195314,0.5053999633900788,False,False,88.22697448730469,1148928,597200896,0.001923855117591786
decoder-only,Qwen/Qwen3-0.6B,lora,qnli,384,13,0.8204283360790774,0.5053999633900788,False,False,106.5136947631836,1148928,597200896,0.001923855117591786
decoder-only,Qwen/Qwen3-0.6B,lora,qnli,384,29,0.8407468423942889,0.5053999633900788,False,False,60.13665771484375,1148928,597200896,0.001923855117591786
decoder-only,Qwen/Qwen3-0.6B,lora,rte,48,7,0.5631768953068592,0.5270758122743683,False,False,76.98677825927734,1148928,597200896,0.001923855117591786
decoder-only,Qwen/Qwen3-0.6B,lora,rte,48,13,0.5415162454873647,0.5270758122743683,False,False,68.31845092773438,1148928,597200896,0.001923855117591786
decoder-only,Qwen/Qwen3-0.6B,lora,rte,48,29,0.5234657039711191,0.5270758122743683,True,False,35.807861328125,1148928,597200896,0.001923855117591786
decoder-only,Qwen/Qwen3-0.6B,lora,rte,96,7,0.592057761732852,0.5270758122743683,False,False,79.88710021972656,1148928,597200896,0.001923855117591786
decoder-only,Qwen/Qwen3-0.6B,lora,rte,96,13,0.6353790613718412,0.5270758122743683,False,False,74.45716857910156,1148928,597200896,0.001923855117591786
decoder-only,Qwen/Qwen3-0.6B,lora,rte,96,29,0.5884476534296029,0.5270758122743683,False,False,50.84115219116211,1148928,597200896,0.001923855117591786
decoder-only,Qwen/Qwen3-0.6B,lora,rte,192,7,0.631768953068592,0.5270758122743683,False,False,92.08279418945312,1148928,597200896,0.001923855117591786
decoder-only,Qwen/Qwen3-0.6B,lora,rte,192,13,0.628158844765343,0.5270758122743683,False,False,101.05072021484375,1148928,597200896,0.001923855117591786
decoder-only,Qwen/Qwen3-0.6B,lora,rte,192,29,0.6028880866425993,0.5270758122743683,False,False,51.17685317993164,1148928,597200896,0.001923855117591786
decoder-only,Qwen/Qwen3-0.6B,lora,rte,384,7,0.7184115523465704,0.5270758122743683,False,False,107.17028045654297,1148928,597200896,0.001923855117591786
decoder-only,Qwen/Qwen3-0.6B,lora,rte,384,13,0.6750902527075813,0.5270758122743683,False,False,98.00775909423828,1148928,597200896,0.001923855117591786
decoder-only,Qwen/Qwen3-0.6B,lora,rte,384,29,0.7003610108303249,0.5270758122743683,False,False,61.615928649902344,1148928,597200896,0.001923855117591786
decoder-only,Qwen/Qwen3-0.6B,lora,sst2,48,7,0.5493119266055045,0.5091743119266054,False,False,87.78275299072266,1148928,597200896,0.001923855117591786
decoder-only,Qwen/Qwen3-0.6B,lora,sst2,48,13,0.643348623853211,0.5091743119266054,False,False,30.521284103393555,1148928,597200896,0.001923855117591786
decoder-only,Qwen/Qwen3-0.6B,lora,sst2,48,29,0.6077981651376146,0.5091743119266054,False,False,57.79111862182617,1148928,597200896,0.001923855117591786
decoder-only,Qwen/Qwen3-0.6B,lora,sst2,96,7,0.6444954128440367,0.5091743119266054,False,False,72.25228118896484,1148928,597200896,0.001923855117591786
decoder-only,Qwen/Qwen3-0.6B,lora,sst2,96,13,0.7557339449541285,0.5091743119266054,False,False,51.71272277832031,1148928,597200896,0.001923855117591786
decoder-only,Qwen/Qwen3-0.6B,lora,sst2,96,29,0.7935779816513762,0.5091743119266054,False,False,62.81901168823242,1148928,597200896,0.001923855117591786
decoder-only,Qwen/Qwen3-0.6B,lora,sst2,192,7,0.8061926605504587,0.5091743119266054,False,False,96.38859558105469,1148928,597200896,0.001923855117591786
decoder-only,Qwen/Qwen3-0.6B,lora,sst2,192,13,0.8245412844036697,0.5091743119266054,False,False,47.455997467041016,1148928,597200896,0.001923855117591786
decoder-only,Qwen/Qwen3-0.6B,lora,sst2,192,29,0.8899082568807339,0.5091743119266054,False,False,52.467041015625,1148928,597200896,0.001923855117591786
decoder-only,Qwen/Qwen3-0.6B,lora,sst2,384,7,0.8738532110091743,0.5091743119266054,False,False,83.34828186035156,1148928,597200896,0.001923855117591786
decoder-only,Qwen/Qwen3-0.6B,lora,sst2,384,13,0.8509174311926605,0.5091743119266054,False,False,74.2598648071289,1148928,597200896,0.001923855117591786
decoder-only,Qwen/Qwen3-0.6B,lora,sst2,384,29,0.8922018348623854,0.5091743119266054,False,False,45.46208953857422,1148928,597200896,0.001923855117591786
encoder-decoder,google-t5/t5-base,bitfit,mrpc,48,7,0.6813725490196079,0.6838235294117647,True,False,0.96484375,1922,109630082,1.753168441486708e-05
encoder-decoder,google-t5/t5-base,bitfit,mrpc,48,13,0.6838235294117647,0.6838235294117647,False,False,1.3828125,1922,109630082,1.753168441486708e-05
encoder-decoder,google-t5/t5-base,bitfit,mrpc,48,29,0.6838235294117647,0.6838235294117647,False,False,1.1953125,1922,109630082,1.753168441486708e-05
encoder-decoder,google-t5/t5-base,bitfit,mrpc,96,7,0.6838235294117647,0.6838235294117647,False,False,1.03125,1922,109630082,1.753168441486708e-05
encoder-decoder,google-t5/t5-base,bitfit,mrpc,96,13,0.6838235294117647,0.6838235294117647,False,False,1.3515625,1922,109630082,1.753168441486708e-05
encoder-decoder,google-t5/t5-base,bitfit,mrpc,96,29,0.6838235294117647,0.6838235294117647,False,False,1.3515625,1922,109630082,1.753168441486708e-05
encoder-decoder,google-t5/t5-base,bitfit,mrpc,192,7,0.6838235294117647,0.6838235294117647,False,False,1.0234375,1922,109630082,1.753168441486708e-05
encoder-decoder,google-t5/t5-base,bitfit,mrpc,192,13,0.6838235294117647,0.6838235294117647,False,False,1.3671875,1922,109630082,1.753168441486708e-05
encoder-decoder,google-t5/t5-base,bitfit,mrpc,192,29,0.6838235294117647,0.6838235294117647,False,False,1.109375,1922,109630082,1.753168441486708e-05
encoder-decoder,google-t5/t5-base,bitfit,mrpc,384,7,0.6838235294117647,0.6838235294117647,False,False,1.1328125,1922,109630082,1.753168441486708e-05
encoder-decoder,google-t5/t5-base,bitfit,mrpc,384,13,0.6838235294117647,0.6838235294117647,False,False,1.34375,1922,109630082,1.753168441486708e-05
encoder-decoder,google-t5/t5-base,bitfit,mrpc,384,29,0.6838235294117647,0.6838235294117647,False,False,1.21875,1922,109630082,1.753168441486708e-05
encoder-decoder,google-t5/t5-base,bitfit,qnli,48,7,0.5059491122094087,0.5053999633900788,False,False,0.89453125,1922,109630082,1.753168441486708e-05
encoder-decoder,google-t5/t5-base,bitfit,qnli,48,13,0.509244005125389,0.5053999633900788,False,False,0.98828125,1922,109630082,1.753168441486708e-05
encoder-decoder,google-t5/t5-base,bitfit,qnli,48,29,0.5161998901702362,0.5053999633900788,False,False,0.7421875,1922,109630082,1.753168441486708e-05
encoder-decoder,google-t5/t5-base,bitfit,qnli,96,7,0.5064982610287387,0.5053999633900788,False,False,0.94140625,1922,109630082,1.753168441486708e-05
encoder-decoder,google-t5/t5-base,bitfit,qnli,96,13,0.5204100311184331,0.5053999633900788,False,False,1.0234375,1922,109630082,1.753168441486708e-05
encoder-decoder,google-t5/t5-base,bitfit,qnli,96,29,0.5064982610287387,0.5053999633900788,False,False,0.91796875,1922,109630082,1.753168441486708e-05
encoder-decoder,google-t5/t5-base,bitfit,qnli,192,7,0.5167490389895661,0.5053999633900788,False,False,0.94921875,1922,109630082,1.753168441486708e-05
encoder-decoder,google-t5/t5-base,bitfit,qnli,192,13,0.5259015193117335,0.5053999633900788,False,False,0.96875,1922,109630082,1.753168441486708e-05
encoder-decoder,google-t5/t5-base,bitfit,qnli,192,29,0.5518945634266886,0.5053999633900788,False,False,1.1328125,1922,109630082,1.753168441486708e-05
encoder-decoder,google-t5/t5-base,bitfit,qnli,384,7,0.5886875343218012,0.5053999633900788,False,False,1.125,1922,109630082,1.753168441486708e-05
encoder-decoder,google-t5/t5-base,bitfit,qnli,384,13,0.5118066996155958,0.5053999633900788,False,False,1.3046875,1922,109630082,1.753168441486708e-05
encoder-decoder,google-t5/t5-base,bitfit,qnli,384,29,0.5892366831411312,0.5053999633900788,False,False,1.0234375,1922,109630082,1.753168441486708e-05
encoder-decoder,google-t5/t5-base,bitfit,rte,48,7,0.48375451263537905,0.5270758122743683,True,False,0.953125,1922,109630082,1.753168441486708e-05
encoder-decoder,google-t5/t5-base,bitfit,rte,48,13,0.5451263537906137,0.5270758122743683,False,False,0.87109375,1922,109630082,1.753168441486708e-05
encoder-decoder,google-t5/t5-base,bitfit,rte,48,29,0.4693140794223827,0.5270758122743683,True,False,0.9375,1922,109630082,1.753168441486708e-05
encoder-decoder,google-t5/t5-base,bitfit,rte,96,7,0.5018050541516246,0.5270758122743683,True,False,0.8203125,1922,109630082,1.753168441486708e-05
encoder-decoder,google-t5/t5-base,bitfit,rte,96,13,0.555956678700361,0.5270758122743683,False,False,0.82421875,1922,109630082,1.753168441486708e-05
encoder-decoder,google-t5/t5-base,bitfit,rte,96,29,0.4620938628158845,0.5270758122743683,True,False,1.09375,1922,109630082,1.753168441486708e-05
encoder-decoder,google-t5/t5-base,bitfit,rte,192,7,0.48014440433212996,0.5270758122743683,True,False,0.93359375,1922,109630082,1.753168441486708e-05
encoder-decoder,google-t5/t5-base,bitfit,rte,192,13,0.5415162454873647,0.5270758122743683,False,False,0.9609375,1922,109630082,1.753168441486708e-05
encoder-decoder,google-t5/t5-base,bitfit,rte,192,29,0.5018050541516246,0.5270758122743683,True,False,0.8828125,1922,109630082,1.753168441486708e-05
encoder-decoder,google-t5/t5-base,bitfit,rte,384,7,0.5234657039711191,0.5270758122743683,True,False,1.2265625,1922,109630082,1.753168441486708e-05
encoder-decoder,google-t5/t5-base,bitfit,rte,384,13,0.5667870036101083,0.5270758122743683,False,False,1.1640625,1922,109630082,1.753168441486708e-05
encoder-decoder,google-t5/t5-base,bitfit,rte,384,29,0.51985559566787,0.5270758122743683,True,False,1.171875,1922,109630082,1.753168441486708e-05
encoder-decoder,google-t5/t5-base,bitfit,sst2,48,7,0.555045871559633,0.5091743119266054,False,False,1.203125,1922,109630082,1.753168441486708e-05
encoder-decoder,google-t5/t5-base,bitfit,sst2,48,13,0.5825688073394495,0.5091743119266054,False,False,0.890625,1922,109630082,1.753168441486708e-05
encoder-decoder,google-t5/t5-base,bitfit,sst2,48,29,0.555045871559633,0.5091743119266054,False,False,1.0390625,1922,109630082,1.753168441486708e-05
encoder-decoder,google-t5/t5-base,bitfit,sst2,96,7,0.6158256880733946,0.5091743119266054,False,False,1.03125,1922,109630082,1.753168441486708e-05
encoder-decoder,google-t5/t5-base,bitfit,sst2,96,13,0.6456422018348624,0.5091743119266054,False,False,0.99609375,1922,109630082,1.753168441486708e-05
encoder-decoder,google-t5/t5-base,bitfit,sst2,96,29,0.5206422018348624,0.5091743119266054,False,False,1.109375,1922,109630082,1.753168441486708e-05
encoder-decoder,google-t5/t5-base,bitfit,sst2,192,7,0.6834862385321101,0.5091743119266054,False,False,1.0546875,1922,109630082,1.753168441486708e-05
encoder-decoder,google-t5/t5-base,bitfit,sst2,192,13,0.5389908256880734,0.5091743119266054,False,False,1.15625,1922,109630082,1.753168441486708e-05
encoder-decoder,google-t5/t5-base,bitfit,sst2,192,29,0.5298165137614679,0.5091743119266054,False,False,1.0390625,1922,109630082,1.753168441486708e-05
encoder-decoder,google-t5/t5-base,bitfit,sst2,384,7,0.7706422018348624,0.5091743119266054,False,False,1.1171875,1922,109630082,1.753168441486708e-05
encoder-decoder,google-t5/t5-base,bitfit,sst2,384,13,0.5194954128440367,0.5091743119266054,False,False,1.4921875,1922,109630082,1.753168441486708e-05
encoder-decoder,google-t5/t5-base,bitfit,sst2,384,29,0.5252293577981652,0.5091743119266054,False,False,1.234375,1922,109630082,1.753168441486708e-05
encoder-decoder,google-t5/t5-base,ia3,mrpc,48,7,0.6813725490196079,0.6838235294117647,True,False,1.0084773302078247,56834,109685378,0.0005181547534986842
encoder-decoder,google-t5/t5-base,ia3,mrpc,48,13,0.6838235294117647,0.6838235294117647,False,False,1.4191417694091797,56834,109685378,0.0005181547534986842
encoder-decoder,google-t5/t5-base,ia3,mrpc,48,29,0.6838235294117647,0.6838235294117647,False,False,1.197368860244751,56834,109685378,0.0005181547534986842
encoder-decoder,google-t5/t5-base,ia3,mrpc,96,7,0.6838235294117647,0.6838235294117647,False,False,1.0321428775787354,56834,109685378,0.0005181547534986842
encoder-decoder,google-t5/t5-base,ia3,mrpc,96,13,0.6838235294117647,0.6838235294117647,False,False,1.375192642211914,56834,109685378,0.0005181547534986842
encoder-decoder,google-t5/t5-base,ia3,mrpc,96,29,0.6838235294117647,0.6838235294117647,False,False,1.331677794456482,56834,109685378,0.0005181547534986842
encoder-decoder,google-t5/t5-base,ia3,mrpc,192,7,0.6838235294117647,0.6838235294117647,False,False,1.05235755443573,56834,109685378,0.0005181547534986842
encoder-decoder,google-t5/t5-base,ia3,mrpc,192,13,0.6838235294117647,0.6838235294117647,False,False,1.3909512758255005,56834,109685378,0.0005181547534986842
encoder-decoder,google-t5/t5-base,ia3,mrpc,192,29,0.6838235294117647,0.6838235294117647,False,False,1.0757261514663696,56834,109685378,0.0005181547534986842
encoder-decoder,google-t5/t5-base,ia3,mrpc,384,7,0.6838235294117647,0.6838235294117647,False,False,1.156772255897522,56834,109685378,0.0005181547534986842
encoder-decoder,google-t5/t5-base,ia3,mrpc,384,13,0.6838235294117647,0.6838235294117647,False,False,1.351062536239624,56834,109685378,0.0005181547534986842
encoder-decoder,google-t5/t5-base,ia3,mrpc,384,29,0.6838235294117647,0.6838235294117647,False,False,1.260163426399231,56834,109685378,0.0005181547534986842
encoder-decoder,google-t5/t5-base,ia3,qnli,48,7,0.5070474098480688,0.5053999633900788,False,False,0.8938542008399963,56834,109685378,0.0005181547534986842
encoder-decoder,google-t5/t5-base,ia3,qnli,48,13,0.4982610287387882,0.5053999633900788,True,False,0.9621639847755432,56834,109685378,0.0005181547534986842
encoder-decoder,google-t5/t5-base,ia3,qnli,48,29,0.5321252059308073,0.5053999633900788,False,False,0.7518252730369568,56834,109685378,0.0005181547534986842
encoder-decoder,google-t5/t5-base,ia3,qnli,96,7,0.5064982610287387,0.5053999633900788,False,False,0.9557920694351196,56834,109685378,0.0005181547534986842
encoder-decoder,google-t5/t5-base,ia3,qnli,96,13,0.5043016657514187,0.5053999633900788,True,False,0.9911163449287415,56834,109685378,0.0005181547534986842
encoder-decoder,google-t5/t5-base,ia3,qnli,96,29,0.5070474098480688,0.5053999633900788,False,False,0.9200577139854431,56834,109685378,0.0005181547534986842
encoder-decoder,google-t5/t5-base,ia3,qnli,192,7,0.5147354933186894,0.5053999633900788,False,False,0.9581372737884521,56834,109685378,0.0005181547534986842
encoder-decoder,google-t5/t5-base,ia3,qnli,192,13,0.5167490389895661,0.5053999633900788,False,False,0.9601917862892151,56834,109685378,0.0005181547534986842
encoder-decoder,google-t5/t5-base,ia3,qnli,192,29,0.5777045579352005,0.5053999633900788,False,False,1.117161750793457,56834,109685378,0.0005181547534986842
encoder-decoder,google-t5/t5-base,ia3,qnli,384,7,0.5928976752699981,0.5053999633900788,False,False,1.1287834644317627,56834,109685378,0.0005181547534986842
encoder-decoder,google-t5/t5-base,ia3,qnli,384,13,0.5108914515833791,0.5053999633900788,False,False,1.3052340745925903,56834,109685378,0.0005181547534986842
encoder-decoder,google-t5/t5-base,ia3,qnli,384,29,0.627677100494234,0.5053999633900788,False,False,1.022369384765625,56834,109685378,0.0005181547534986842
encoder-decoder,google-t5/t5-base,ia3,rte,48,7,0.4981949458483754,0.5270758122743683,True,False,0.9270212650299072,56834,109685378,0.0005181547534986842
encoder-decoder,google-t5/t5-base,ia3,rte,48,13,0.5126353790613718,0.5270758122743683,True,False,0.856512188911438,56834,109685378,0.0005181547534986842
encoder-decoder,google-t5/t5-base,ia3,rte,48,29,0.4729241877256318,0.5270758122743683,True,False,0.9261049628257751,56834,109685378,0.0005181547534986842
encoder-decoder,google-t5/t5-base,ia3,rte,96,7,0.5740072202166066,0.5270758122743683,False,False,0.8510411381721497,56834,109685378,0.0005181547534986842
encoder-decoder,google-t5/t5-base,ia3,rte,96,13,0.5306859205776173,0.5270758122743683,False,False,0.8344044089317322,56834,109685378,0.0005181547534986842
encoder-decoder,google-t5/t5-base,ia3,rte,96,29,0.47653429602888087,0.5270758122743683,True,False,1.1104941368103027,56834,109685378,0.0005181547534986842
encoder-decoder,google-t5/t5-base,ia3,rte,192,7,0.49097472924187724,0.5270758122743683,True,False,0.9234650731086731,56834,109685378,0.0005181547534986842
encoder-decoder,google-t5/t5-base,ia3,rte,192,13,0.5379061371841155,0.5270758122743683,False,False,0.9523531794548035,56834,109685378,0.0005181547534986842
encoder-decoder,google-t5/t5-base,ia3,rte,192,29,0.5487364620938628,0.5270758122743683,False,False,0.8905037045478821,56834,109685378,0.0005181547534986842
encoder-decoder,google-t5/t5-base,ia3,rte,384,7,0.6028880866425993,0.5270758122743683,False,False,1.2720742225646973,56834,109685378,0.0005181547534986842
encoder-decoder,google-t5/t5-base,ia3,rte,384,13,0.5523465703971119,0.5270758122743683,False,False,1.16025972366333,56834,109685378,0.0005181547534986842
encoder-decoder,google-t5/t5-base,ia3,rte,384,29,0.5270758122743683,0.5270758122743683,False,False,1.1881483793258667,56834,109685378,0.0005181547534986842
encoder-decoder,google-t5/t5-base,ia3,sst2,48,7,0.5860091743119266,0.5091743119266054,False,False,1.0865153074264526,56834,109685378,0.0005181547534986842
encoder-decoder,google-t5/t5-base,ia3,sst2,48,13,0.5493119266055045,0.5091743119266054,False,False,0.8855228424072266,56834,109685378,0.0005181547534986842
encoder-decoder,google-t5/t5-base,ia3,sst2,48,29,0.5091743119266054,0.5091743119266054,False,False,0.9690967798233032,56834,109685378,0.0005181547534986842
encoder-decoder,google-t5/t5-base,ia3,sst2,96,7,0.6788990825688074,0.5091743119266054,False,False,1.034303069114685,56834,109685378,0.0005181547534986842
encoder-decoder,google-t5/t5-base,ia3,sst2,96,13,0.5848623853211009,0.5091743119266054,False,False,0.9933048486709595,56834,109685378,0.0005181547534986842
encoder-decoder,google-t5/t5-base,ia3,sst2,96,29,0.5091743119266054,0.5091743119266054,False,False,0.9884679913520813,56834,109685378,0.0005181547534986842
encoder-decoder,google-t5/t5-base,ia3,sst2,192,7,0.7477064220183486,0.5091743119266054,False,False,0.969923734664917,56834,109685378,0.0005181547534986842
encoder-decoder,google-t5/t5-base,ia3,sst2,192,13,0.551605504587156,0.5091743119266054,False,False,1.1759777069091797,56834,109685378,0.0005181547534986842
encoder-decoder,google-t5/t5-base,ia3,sst2,192,29,0.5103211009174312,0.5091743119266054,False,False,1.0270346403121948,56834,109685378,0.0005181547534986842
encoder-decoder,google-t5/t5-base,ia3,sst2,384,7,0.7752293577981652,0.5091743119266054,False,False,1.1668261289596558,56834,109685378,0.0005181547534986842
encoder-decoder,google-t5/t5-base,ia3,sst2,384,13,0.5309633027522935,0.5091743119266054,False,False,1.5278079509735107,56834,109685378,0.0005181547534986842
encoder-decoder,google-t5/t5-base,ia3,sst2,384,29,0.5114678899082569,0.5091743119266054,False,False,1.2567187547683716,56834,109685378,0.0005181547534986842
encoder-decoder,google-t5/t5-base,lora,mrpc,48,7,0.6813725490196079,0.6838235294117647,True,False,0.987291693687439,296450,109924994,0.0026968389008963692
encoder-decoder,google-t5/t5-base,lora,mrpc,48,13,0.6838235294117647,0.6838235294117647,False,False,1.3631501197814941,296450,109924994,0.0026968389008963692
encoder-decoder,google-t5/t5-base,lora,mrpc,48,29,0.6838235294117647,0.6838235294117647,False,False,1.2845805883407593,296450,109924994,0.0026968389008963692
encoder-decoder,google-t5/t5-base,lora,mrpc,96,7,0.6838235294117647,0.6838235294117647,False,False,1.021972417831421,296450,109924994,0.0026968389008963692
encoder-decoder,google-t5/t5-base,lora,mrpc,96,13,0.6838235294117647,0.6838235294117647,False,False,1.3400115966796875,296450,109924994,0.0026968389008963692
encoder-decoder,google-t5/t5-base,lora,mrpc,96,29,0.6838235294117647,0.6838235294117647,False,False,1.4451502561569214,296450,109924994,0.0026968389008963692
encoder-decoder,google-t5/t5-base,lora,mrpc,192,7,0.6838235294117647,0.6838235294117647,False,False,1.0145032405853271,296450,109924994,0.0026968389008963692
encoder-decoder,google-t5/t5-base,lora,mrpc,192,13,0.6838235294117647,0.6838235294117647,False,False,1.3541514873504639,296450,109924994,0.0026968389008963692
encoder-decoder,google-t5/t5-base,lora,mrpc,192,29,0.6838235294117647,0.6838235294117647,False,False,1.5877642631530762,296450,109924994,0.0026968389008963692
encoder-decoder,google-t5/t5-base,lora,mrpc,384,7,0.6838235294117647,0.6838235294117647,False,False,2.245206832885742,296450,109924994,0.0026968389008963692
encoder-decoder,google-t5/t5-base,lora,mrpc,384,13,0.6838235294117647,0.6838235294117647,False,False,1.3136690855026245,296450,109924994,0.0026968389008963692
encoder-decoder,google-t5/t5-base,lora,mrpc,384,29,0.6838235294117647,0.6838235294117647,False,False,2.1533515453338623,296450,109924994,0.0026968389008963692
encoder-decoder,google-t5/t5-base,lora,qnli,48,7,0.5053999633900788,0.5053999633900788,False,False,0.8703721761703491,296450,109924994,0.0026968389008963692
encoder-decoder,google-t5/t5-base,lora,qnli,48,13,0.509244005125389,0.5053999633900788,False,False,0.8991208076477051,296450,109924994,0.0026968389008963692
encoder-decoder,google-t5/t5-base,lora,qnli,48,29,0.5015559216547685,0.5053999633900788,True,False,0.7189159393310547,296450,109924994,0.0026968389008963692
encoder-decoder,google-t5/t5-base,lora,qnli,96,7,0.5053999633900788,0.5053999633900788,False,False,0.9250674247741699,296450,109924994,0.0026968389008963692
encoder-decoder,google-t5/t5-base,lora,qnli,96,13,0.5136371956800293,0.5053999633900788,False,False,0.9438306093215942,296450,109924994,0.0026968389008963692
encoder-decoder,google-t5/t5-base,lora,qnli,96,29,0.5205930807248764,0.5053999633900788,False,False,0.8754324913024902,296450,109924994,0.0026968389008963692
encoder-decoder,google-t5/t5-base,lora,qnli,192,7,0.510342302764049,0.5053999633900788,False,False,0.9354928731918335,296450,109924994,0.0026968389008963692
encoder-decoder,google-t5/t5-base,lora,qnli,192,13,0.5220574775764232,0.5053999633900788,False,False,1.2729943990707397,296450,109924994,0.0026968389008963692
encoder-decoder,google-t5/t5-base,lora,qnli,192,29,0.5517115138202453,0.5053999633900788,False,False,1.0618683099746704,296450,109924994,0.0026968389008963692
encoder-decoder,google-t5/t5-base,lora,qnli,384,7,0.7005308438586857,0.5053999633900788,False,False,1.1758102178573608,296450,109924994,0.0026968389008963692
encoder-decoder,google-t5/t5-base,lora,qnli,384,13,0.6104704374885594,0.5053999633900788,False,False,1.2614719867706299,296450,109924994,0.0026968389008963692
encoder-decoder,google-t5/t5-base,lora,qnli,384,29,0.651473549331869,0.5053999633900788,False,False,1.0510377883911133,296450,109924994,0.0026968389008963692
encoder-decoder,google-t5/t5-base,lora,rte,48,7,0.4620938628158845,0.5270758122743683,True,False,0.9129252433776855,296450,109924994,0.0026968389008963692
encoder-decoder,google-t5/t5-base,lora,rte,48,13,0.51985559566787,0.5270758122743683,True,False,0.9000725746154785,296450,109924994,0.0026968389008963692
encoder-decoder,google-t5/t5-base,lora,rte,48,29,0.4657039711191336,0.5270758122743683,True,False,1.0448026657104492,296450,109924994,0.0026968389008963692
encoder-decoder,google-t5/t5-base,lora,rte,96,7,0.48736462093862815,0.5270758122743683,True,False,0.8422200083732605,296450,109924994,0.0026968389008963692
encoder-decoder,google-t5/t5-base,lora,rte,96,13,0.5415162454873647,0.5270758122743683,False,False,0.8589969873428345,296450,109924994,0.0026968389008963692
encoder-decoder,google-t5/t5-base,lora,rte,96,29,0.45126353790613716,0.5270758122743683,True,False,1.036030888557434,296450,109924994,0.0026968389008963692
encoder-decoder,google-t5/t5-base,lora,rte,192,7,0.4729241877256318,0.5270758122743683,True,False,0.9102391600608826,296450,109924994,0.0026968389008963692
encoder-decoder,google-t5/t5-base,lora,rte,192,13,0.5379061371841155,0.5270758122743683,False,False,0.968356192111969,296450,109924994,0.0026968389008963692
encoder-decoder,google-t5/t5-base,lora,rte,192,29,0.5018050541516246,0.5270758122743683,True,False,0.8614364266395569,296450,109924994,0.0026968389008963692
encoder-decoder,google-t5/t5-base,lora,rte,384,7,0.5415162454873647,0.5270758122743683,False,False,1.3055068254470825,296450,109924994,0.0026968389008963692
encoder-decoder,google-t5/t5-base,lora,rte,384,13,0.5415162454873647,0.5270758122743683,False,False,1.1819099187850952,296450,109924994,0.0026968389008963692
encoder-decoder,google-t5/t5-base,lora,rte,384,29,0.5234657039711191,0.5270758122743683,True,False,1.2579017877578735,296450,109924994,0.0026968389008963692
encoder-decoder,google-t5/t5-base,lora,sst2,48,7,0.481651376146789,0.5091743119266054,True,False,1.1659750938415527,296450,109924994,0.0026968389008963692
encoder-decoder,google-t5/t5-base,lora,sst2,48,13,0.555045871559633,0.5091743119266054,False,False,0.8812220096588135,296450,109924994,0.0026968389008963692
encoder-decoder,google-t5/t5-base,lora,sst2,48,29,0.591743119266055,0.5091743119266054,False,False,1.1276780366897583,296450,109924994,0.0026968389008963692
encoder-decoder,google-t5/t5-base,lora,sst2,96,7,0.5665137614678899,0.5091743119266054,False,False,1.0197616815567017,296450,109924994,0.0026968389008963692
encoder-decoder,google-t5/t5-base,lora,sst2,96,13,0.6307339449541285,0.5091743119266054,False,False,0.9985225200653076,296450,109924994,0.0026968389008963692
encoder-decoder,google-t5/t5-base,lora,sst2,96,29,0.5447247706422018,0.5091743119266054,False,False,1.1144620180130005,296450,109924994,0.0026968389008963692
encoder-decoder,google-t5/t5-base,lora,sst2,192,7,0.6892201834862385,0.5091743119266054,False,False,1.038509488105774,296450,109924994,0.0026968389008963692
encoder-decoder,google-t5/t5-base,lora,sst2,192,13,0.5447247706422018,0.5091743119266054,False,False,1.0964158773422241,296450,109924994,0.0026968389008963692
encoder-decoder,google-t5/t5-base,lora,sst2,192,29,0.5458715596330275,0.5091743119266054,False,False,1.019611120223999,296450,109924994,0.0026968389008963692
encoder-decoder,google-t5/t5-base,lora,sst2,384,7,0.8360091743119266,0.5091743119266054,False,False,1.163826823234558,296450,109924994,0.0026968389008963692
encoder-decoder,google-t5/t5-base,lora,sst2,384,13,0.5676605504587156,0.5091743119266054,False,False,1.4881644248962402,296450,109924994,0.0026968389008963692
encoder-decoder,google-t5/t5-base,lora,sst2,384,29,0.5951834862385321,0.5091743119266054,False,False,1.5982609987258911,296450,109924994,0.0026968389008963692
encoder-only,bert-base-uncased,bitfit,mrpc,48,7,0.6838235294117647,0.6838235294117647,False,False,5.25,104450,109483778,0.0009540226132861437
encoder-only,bert-base-uncased,bitfit,mrpc,48,13,0.6862745098039216,0.6838235294117647,False,False,14.75,104450,109483778,0.0009540226132861437
encoder-only,bert-base-uncased,bitfit,mrpc,48,29,0.6838235294117647,0.6838235294117647,False,False,8.25,104450,109483778,0.0009540226132861437
encoder-only,bert-base-uncased,bitfit,mrpc,96,7,0.6838235294117647,0.6838235294117647,False,False,5.46875,104450,109483778,0.0009540226132861437
encoder-only,bert-base-uncased,bitfit,mrpc,96,13,0.6838235294117647,0.6838235294117647,False,False,14.9375,104450,109483778,0.0009540226132861437
encoder-only,bert-base-uncased,bitfit,mrpc,96,29,0.6838235294117647,0.6838235294117647,False,False,6.0625,104450,109483778,0.0009540226132861437
encoder-only,bert-base-uncased,bitfit,mrpc,192,7,0.6740196078431373,0.6838235294117647,True,False,7.09375,104450,109483778,0.0009540226132861437
encoder-only,bert-base-uncased,bitfit,mrpc,192,13,0.6862745098039216,0.6838235294117647,False,False,14.0625,104450,109483778,0.0009540226132861437
encoder-only,bert-base-uncased,bitfit,mrpc,192,29,0.6764705882352942,0.6838235294117647,True,False,8.625,104450,109483778,0.0009540226132861437
encoder-only,bert-base-uncased,bitfit,mrpc,384,7,0.6764705882352942,0.6838235294117647,True,False,9.75,104450,109483778,0.0009540226132861437
encoder-only,bert-base-uncased,bitfit,mrpc,384,13,0.6862745098039216,0.6838235294117647,False,False,11.125,104450,109483778,0.0009540226132861437
encoder-only,bert-base-uncased,bitfit,mrpc,384,29,0.6764705882352942,0.6838235294117647,True,False,7.5,104450,109483778,0.0009540226132861437
encoder-only,bert-base-uncased,bitfit,qnli,48,7,0.5068643602416255,0.5053999633900788,False,False,7.34375,104450,109483778,0.0009540226132861437
encoder-only,bert-base-uncased,bitfit,qnli,48,13,0.5063152114222954,0.5053999633900788,False,False,7.875,104450,109483778,0.0009540226132861437
encoder-only,bert-base-uncased,bitfit,qnli,48,29,0.528281164195497,0.5053999633900788,False,False,5.4375,104450,109483778,0.0009540226132861437
encoder-only,bert-base-uncased,bitfit,qnli,96,7,0.5072304594545122,0.5053999633900788,False,False,8.125,104450,109483778,0.0009540226132861437
encoder-only,bert-base-uncased,bitfit,qnli,96,13,0.5348709500274574,0.5053999633900788,False,False,8.5625,104450,109483778,0.0009540226132861437
encoder-only,bert-base-uncased,bitfit,qnli,96,29,0.5593995972908659,0.5053999633900788,False,False,6.34375,104450,109483778,0.0009540226132861437
encoder-only,bert-base-uncased,bitfit,qnli,192,7,0.5160168405637928,0.5053999633900788,False,False,6.96875,104450,109483778,0.0009540226132861437
encoder-only,bert-base-uncased,bitfit,qnli,192,13,0.5586673988650924,0.5053999633900788,False,False,10.0,104450,109483778,0.0009540226132861437
encoder-only,bert-base-uncased,bitfit,qnli,192,29,0.5647080358777229,0.5053999633900788,False,False,9.625,104450,109483778,0.0009540226132861437
encoder-only,bert-base-uncased,bitfit,qnli,384,7,0.5454878272011715,0.5053999633900788,False,False,9.6875,104450,109483778,0.0009540226132861437
encoder-only,bert-base-uncased,bitfit,qnli,384,13,0.5760571114772103,0.5053999633900788,False,False,8.9375,104450,109483778,0.0009540226132861437
encoder-only,bert-base-uncased,bitfit,qnli,384,29,0.5751418634449936,0.5053999633900788,False,False,8.625,104450,109483778,0.0009540226132861437
encoder-only,bert-base-uncased,bitfit,rte,48,7,0.5270758122743683,0.5270758122743683,False,False,6.34375,104450,109483778,0.0009540226132861437
encoder-only,bert-base-uncased,bitfit,rte,48,13,0.5379061371841155,0.5270758122743683,False,False,6.21875,104450,109483778,0.0009540226132861437
encoder-only,bert-base-uncased,bitfit,rte,48,29,0.4693140794223827,0.5270758122743683,True,False,6.90625,104450,109483778,0.0009540226132861437
encoder-only,bert-base-uncased,bitfit,rte,96,7,0.516245487364621,0.5270758122743683,True,False,6.84375,104450,109483778,0.0009540226132861437
encoder-only,bert-base-uncased,bitfit,rte,96,13,0.555956678700361,0.5270758122743683,False,False,6.59375,104450,109483778,0.0009540226132861437
encoder-only,bert-base-uncased,bitfit,rte,96,29,0.48736462093862815,0.5270758122743683,True,False,7.09375,104450,109483778,0.0009540226132861437
encoder-only,bert-base-uncased,bitfit,rte,192,7,0.5379061371841155,0.5270758122743683,False,False,8.625,104450,109483778,0.0009540226132861437
encoder-only,bert-base-uncased,bitfit,rte,192,13,0.5487364620938628,0.5270758122743683,False,False,9.75,104450,109483778,0.0009540226132861437
encoder-only,bert-base-uncased,bitfit,rte,192,29,0.5523465703971119,0.5270758122743683,False,False,6.40625,104450,109483778,0.0009540226132861437
encoder-only,bert-base-uncased,bitfit,rte,384,7,0.5487364620938628,0.5270758122743683,False,False,8.25,104450,109483778,0.0009540226132861437
encoder-only,bert-base-uncased,bitfit,rte,384,13,0.5667870036101083,0.5270758122743683,False,False,9.1875,104450,109483778,0.0009540226132861437
encoder-only,bert-base-uncased,bitfit,rte,384,29,0.5306859205776173,0.5270758122743683,False,False,8.3125,104450,109483778,0.0009540226132861437
encoder-only,bert-base-uncased,bitfit,sst2,48,7,0.49311926605504586,0.5091743119266054,True,False,6.03125,104450,109483778,0.0009540226132861437
encoder-only,bert-base-uncased,bitfit,sst2,48,13,0.5447247706422018,0.5091743119266054,False,False,6.375,104450,109483778,0.0009540226132861437
encoder-only,bert-base-uncased,bitfit,sst2,48,29,0.5103211009174312,0.5091743119266054,False,False,5.875,104450,109483778,0.0009540226132861437
encoder-only,bert-base-uncased,bitfit,sst2,96,7,0.5493119266055045,0.5091743119266054,False,False,5.875,104450,109483778,0.0009540226132861437
encoder-only,bert-base-uncased,bitfit,sst2,96,13,0.5688073394495413,0.5091743119266054,False,False,5.5625,104450,109483778,0.0009540226132861437
encoder-only,bert-base-uncased,bitfit,sst2,96,29,0.5103211009174312,0.5091743119266054,False,False,6.03125,104450,109483778,0.0009540226132861437
encoder-only,bert-base-uncased,bitfit,sst2,192,7,0.5435779816513762,0.5091743119266054,False,False,5.65625,104450,109483778,0.0009540226132861437
encoder-only,bert-base-uncased,bitfit,sst2,192,13,0.5172018348623854,0.5091743119266054,False,False,8.75,104450,109483778,0.0009540226132861437
encoder-only,bert-base-uncased,bitfit,sst2,192,29,0.5137614678899083,0.5091743119266054,False,False,7.3125,104450,109483778,0.0009540226132861437
encoder-only,bert-base-uncased,bitfit,sst2,384,7,0.6559633027522935,0.5091743119266054,False,False,8.125,104450,109483778,0.0009540226132861437
encoder-only,bert-base-uncased,bitfit,sst2,384,13,0.5172018348623854,0.5091743119266054,False,False,6.8125,104450,109483778,0.0009540226132861437
encoder-only,bert-base-uncased,bitfit,sst2,384,29,0.5298165137614679,0.5091743119266054,False,False,6.84375,104450,109483778,0.0009540226132861437
encoder-only,bert-base-uncased,ia3,mrpc,48,7,0.6838235294117647,0.6838235294117647,False,False,5.290465831756592,66050,109549828,0.0006029219872440147
encoder-only,bert-base-uncased,ia3,mrpc,48,13,0.6862745098039216,0.6838235294117647,False,False,14.657358169555664,66050,109549828,0.0006029219872440147
encoder-only,bert-base-uncased,ia3,mrpc,48,29,0.6838235294117647,0.6838235294117647,False,False,8.203558921813965,66050,109549828,0.0006029219872440147
encoder-only,bert-base-uncased,ia3,mrpc,96,7,0.6838235294117647,0.6838235294117647,False,False,5.511318683624268,66050,109549828,0.0006029219872440147
encoder-only,bert-base-uncased,ia3,mrpc,96,13,0.6862745098039216,0.6838235294117647,False,False,14.845857620239258,66050,109549828,0.0006029219872440147
encoder-only,bert-base-uncased,ia3,mrpc,96,29,0.6838235294117647,0.6838235294117647,False,False,5.94832181930542,66050,109549828,0.0006029219872440147
encoder-only,bert-base-uncased,ia3,mrpc,192,7,0.6764705882352942,0.6838235294117647,True,False,7.0471296310424805,66050,109549828,0.0006029219872440147
encoder-only,bert-base-uncased,ia3,mrpc,192,13,0.6862745098039216,0.6838235294117647,False,False,14.032171249389648,66050,109549828,0.0006029219872440147
encoder-only,bert-base-uncased,ia3,mrpc,192,29,0.678921568627451,0.6838235294117647,True,False,9.395581245422363,66050,109549828,0.0006029219872440147
encoder-only,bert-base-uncased,ia3,mrpc,384,7,0.6838235294117647,0.6838235294117647,False,False,9.958394050598145,66050,109549828,0.0006029219872440147
encoder-only,bert-base-uncased,ia3,mrpc,384,13,0.6838235294117647,0.6838235294117647,False,False,11.391535758972168,66050,109549828,0.0006029219872440147
encoder-only,bert-base-uncased,ia3,mrpc,384,29,0.678921568627451,0.6838235294117647,True,False,7.64644193649292,66050,109549828,0.0006029219872440147
encoder-only,bert-base-uncased,ia3,qnli,48,7,0.5072304594545122,0.5053999633900788,False,False,7.767352104187012,66050,109549828,0.0006029219872440147
encoder-only,bert-base-uncased,ia3,qnli,48,13,0.5079626578802856,0.5053999633900788,False,False,7.857990741729736,66050,109549828,0.0006029219872440147
encoder-only,bert-base-uncased,ia3,qnli,48,29,0.5286472634083836,0.5053999633900788,False,False,5.420134544372559,66050,109549828,0.0006029219872440147
encoder-only,bert-base-uncased,ia3,qnli,96,7,0.5068643602416255,0.5053999633900788,False,False,8.08333683013916,66050,109549828,0.0006029219872440147
encoder-only,bert-base-uncased,ia3,qnli,96,13,0.5238879736408567,0.5053999633900788,False,False,8.58745002746582,66050,109549828,0.0006029219872440147
encoder-only,bert-base-uncased,ia3,qnli,96,29,0.5524437122460186,0.5053999633900788,False,False,6.17155122756958,66050,109549828,0.0006029219872440147
encoder-only,bert-base-uncased,ia3,qnli,192,7,0.514003294892916,0.5053999633900788,False,False,7.453861713409424,66050,109549828,0.0006029219872440147
encoder-only,bert-base-uncased,ia3,qnli,192,13,0.5555555555555556,0.5053999633900788,False,False,9.893792152404785,66050,109549828,0.0006029219872440147
encoder-only,bert-base-uncased,ia3,qnli,192,29,0.5603148453230825,0.5053999633900788,False,False,9.146468162536621,66050,109549828,0.0006029219872440147
encoder-only,bert-base-uncased,ia3,qnli,384,7,0.5323082555372506,0.5053999633900788,False,False,9.647815704345703,66050,109549828,0.0006029219872440147
encoder-only,bert-base-uncased,ia3,qnli,384,13,0.5678198791872597,0.5053999633900788,False,False,8.895397186279297,66050,109549828,0.0006029219872440147
encoder-only,bert-base-uncased,ia3,qnli,384,29,0.5643419366648361,0.5053999633900788,False,False,8.269969940185547,66050,109549828,0.0006029219872440147
encoder-only,bert-base-uncased,ia3,rte,48,7,0.5342960288808665,0.5270758122743683,False,False,6.297973155975342,66050,109549828,0.0006029219872440147
encoder-only,bert-base-uncased,ia3,rte,48,13,0.51985559566787,0.5270758122743683,True,False,7.136958599090576,66050,109549828,0.0006029219872440147
encoder-only,bert-base-uncased,ia3,rte,48,29,0.4693140794223827,0.5270758122743683,True,False,6.858088970184326,66050,109549828,0.0006029219872440147
encoder-only,bert-base-uncased,ia3,rte,96,7,0.516245487364621,0.5270758122743683,True,False,6.922266483306885,66050,109549828,0.0006029219872440147
encoder-only,bert-base-uncased,ia3,rte,96,13,0.5090252707581228,0.5270758122743683,True,False,7.167624473571777,66050,109549828,0.0006029219872440147
encoder-only,bert-base-uncased,ia3,rte,96,29,0.48375451263537905,0.5270758122743683,True,False,7.0762810707092285,66050,109549828,0.0006029219872440147
encoder-only,bert-base-uncased,ia3,rte,192,7,0.5342960288808665,0.5270758122743683,False,False,8.7717866897583,66050,109549828,0.0006029219872440147
encoder-only,bert-base-uncased,ia3,rte,192,13,0.555956678700361,0.5270758122743683,False,False,9.831228256225586,66050,109549828,0.0006029219872440147
encoder-only,bert-base-uncased,ia3,rte,192,29,0.5595667870036101,0.5270758122743683,False,False,6.419449806213379,66050,109549828,0.0006029219872440147
encoder-only,bert-base-uncased,ia3,rte,384,7,0.5379061371841155,0.5270758122743683,False,False,8.269973754882812,66050,109549828,0.0006029219872440147
encoder-only,bert-base-uncased,ia3,rte,384,13,0.5487364620938628,0.5270758122743683,False,False,9.138736724853516,66050,109549828,0.0006029219872440147
encoder-only,bert-base-uncased,ia3,rte,384,29,0.5379061371841155,0.5270758122743683,False,False,8.267049789428711,66050,109549828,0.0006029219872440147
encoder-only,bert-base-uncased,ia3,sst2,48,7,0.48509174311926606,0.5091743119266054,True,False,6.01309061050415,66050,109549828,0.0006029219872440147
encoder-only,bert-base-uncased,ia3,sst2,48,13,0.518348623853211,0.5091743119266054,False,False,6.48482608795166,66050,109549828,0.0006029219872440147
encoder-only,bert-base-uncased,ia3,sst2,48,29,0.5103211009174312,0.5091743119266054,False,False,5.986873149871826,66050,109549828,0.0006029219872440147
encoder-only,bert-base-uncased,ia3,sst2,96,7,0.5355504587155964,0.5091743119266054,False,False,5.857231140136719,66050,109549828,0.0006029219872440147
encoder-only,bert-base-uncased,ia3,sst2,96,13,0.5538990825688074,0.5091743119266054,False,False,5.697212219238281,66050,109549828,0.0006029219872440147
encoder-only,bert-base-uncased,ia3,sst2,96,29,0.5103211009174312,0.5091743119266054,False,False,6.231465816497803,66050,109549828,0.0006029219872440147
encoder-only,bert-base-uncased,ia3,sst2,192,7,0.5263761467889908,0.5091743119266054,False,False,5.700500965118408,66050,109549828,0.0006029219872440147
encoder-only,bert-base-uncased,ia3,sst2,192,13,0.518348623853211,0.5091743119266054,False,False,9.021360397338867,66050,109549828,0.0006029219872440147
encoder-only,bert-base-uncased,ia3,sst2,192,29,0.5103211009174312,0.5091743119266054,False,False,7.8982462882995605,66050,109549828,0.0006029219872440147
encoder-only,bert-base-uncased,ia3,sst2,384,7,0.5665137614678899,0.5091743119266054,False,False,8.266090393066406,66050,109549828,0.0006029219872440147
encoder-only,bert-base-uncased,ia3,sst2,384,13,0.5149082568807339,0.5091743119266054,False,False,6.983694553375244,66050,109549828,0.0006029219872440147
encoder-only,bert-base-uncased,ia3,sst2,384,29,0.5114678899082569,0.5091743119266054,False,False,7.2039594650268555,66050,109549828,0.0006029219872440147
encoder-only,bert-base-uncased,lora,mrpc,48,7,0.6838235294117647,0.6838235294117647,False,False,5.262383937835693,296450,109780228,0.002700395193203643
encoder-only,bert-base-uncased,lora,mrpc,48,13,0.6862745098039216,0.6838235294117647,False,False,14.665424346923828,296450,109780228,0.002700395193203643
encoder-only,bert-base-uncased,lora,mrpc,48,29,0.6838235294117647,0.6838235294117647,False,False,8.205217361450195,296450,109780228,0.002700395193203643
encoder-only,bert-base-uncased,lora,mrpc,96,7,0.6838235294117647,0.6838235294117647,False,False,5.51637601852417,296450,109780228,0.002700395193203643
encoder-only,bert-base-uncased,lora,mrpc,96,13,0.6838235294117647,0.6838235294117647,False,False,14.854778289794922,296450,109780228,0.002700395193203643
encoder-only,bert-base-uncased,lora,mrpc,96,29,0.6838235294117647,0.6838235294117647,False,False,5.85528039932251,296450,109780228,0.002700395193203643
encoder-only,bert-base-uncased,lora,mrpc,192,7,0.7058823529411765,0.6838235294117647,False,False,7.051277160644531,296450,109780228,0.002700395193203643
encoder-only,bert-base-uncased,lora,mrpc,192,13,0.6838235294117647,0.6838235294117647,False,False,13.97866439819336,296450,109780228,0.002700395193203643
encoder-only,bert-base-uncased,lora,mrpc,192,29,0.6397058823529411,0.6838235294117647,True,False,8.655791282653809,296450,109780228,0.002700395193203643
encoder-only,bert-base-uncased,lora,mrpc,384,7,0.7181372549019608,0.6838235294117647,False,False,8.220504760742188,296450,109780228,0.002700395193203643
encoder-only,bert-base-uncased,lora,mrpc,384,13,0.7034313725490197,0.6838235294117647,False,False,11.082321166992188,296450,109780228,0.002700395193203643
encoder-only,bert-base-uncased,lora,mrpc,384,29,0.7303921568627451,0.6838235294117647,False,False,7.638245582580566,296450,109780228,0.002700395193203643
encoder-only,bert-base-uncased,lora,qnli,48,7,0.5063152114222954,0.5053999633900788,False,False,7.582920551300049,296450,109780228,0.002700395193203643
encoder-only,bert-base-uncased,lora,qnli,48,13,0.5077796082738422,0.5053999633900788,False,False,7.8612799644470215,296450,109780228,0.002700395193203643
encoder-only,bert-base-uncased,lora,qnli,48,29,0.5328574043565807,0.5053999633900788,False,False,5.4231343269348145,296450,109780228,0.002700395193203643
encoder-only,bert-base-uncased,lora,qnli,96,7,0.5074135090609555,0.5053999633900788,False,False,8.08957576751709,296450,109780228,0.002700395193203643
encoder-only,bert-base-uncased,lora,qnli,96,13,0.542559033498078,0.5053999633900788,False,False,8.534133911132812,296450,109780228,0.002700395193203643
encoder-only,bert-base-uncased,lora,qnli,96,29,0.5725791689547868,0.5053999633900788,False,False,6.301133155822754,296450,109780228,0.002700395193203643
encoder-only,bert-base-uncased,lora,qnli,192,7,0.5601317957166392,0.5053999633900788,False,False,7.114380359649658,296450,109780228,0.002700395193203643
encoder-only,bert-base-uncased,lora,qnli,192,13,0.5802672524254073,0.5053999633900788,False,False,9.902318954467773,296450,109780228,0.002700395193203643
encoder-only,bert-base-uncased,lora,qnli,192,29,0.6199890170236134,0.5053999633900788,False,False,9.473570823669434,296450,109780228,0.002700395193203643
encoder-only,bert-base-uncased,lora,qnli,384,7,0.6879004210140948,0.5053999633900788,False,False,9.652124404907227,296450,109780228,0.002700395193203643
encoder-only,bert-base-uncased,lora,qnli,384,13,0.6868021233754348,0.5053999633900788,False,False,8.83920669555664,296450,109780228,0.002700395193203643
encoder-only,bert-base-uncased,lora,qnli,384,29,0.7060223320519861,0.5053999633900788,False,False,8.462775230407715,296450,109780228,0.002700395193203643
encoder-only,bert-base-uncased,lora,rte,48,7,0.5126353790613718,0.5270758122743683,True,False,6.440821170806885,296450,109780228,0.002700395193203643
encoder-only,bert-base-uncased,lora,rte,48,13,0.5415162454873647,0.5270758122743683,False,False,6.429946422576904,296450,109780228,0.002700395193203643
encoder-only,bert-base-uncased,lora,rte,48,29,0.4657039711191336,0.5270758122743683,True,False,6.859861373901367,296450,109780228,0.002700395193203643
encoder-only,bert-base-uncased,lora,rte,96,7,0.555956678700361,0.5270758122743683,False,False,6.901350021362305,296450,109780228,0.002700395193203643
encoder-only,bert-base-uncased,lora,rte,96,13,0.5667870036101083,0.5270758122743683,False,False,6.923452854156494,296450,109780228,0.002700395193203643
encoder-only,bert-base-uncased,lora,rte,96,29,0.49458483754512633,0.5270758122743683,True,False,7.019275188446045,296450,109780228,0.002700395193203643
encoder-only,bert-base-uncased,lora,rte,192,7,0.5342960288808665,0.5270758122743683,False,False,8.593955993652344,296450,109780228,0.002700395193203643
encoder-only,bert-base-uncased,lora,rte,192,13,0.6064981949458483,0.5270758122743683,False,False,9.774410247802734,296450,109780228,0.002700395193203643
encoder-only,bert-base-uncased,lora,rte,192,29,0.5992779783393501,0.5270758122743683,False,False,6.421718597412109,296450,109780228,0.002700395193203643
encoder-only,bert-base-uncased,lora,rte,384,7,0.5776173285198556,0.5270758122743683,False,False,8.900866508483887,296450,109780228,0.002700395193203643
encoder-only,bert-base-uncased,lora,rte,384,13,0.6137184115523465,0.5270758122743683,False,False,9.141448974609375,296450,109780228,0.002700395193203643
encoder-only,bert-base-uncased,lora,rte,384,29,0.5884476534296029,0.5270758122743683,False,False,8.594488143920898,296450,109780228,0.002700395193203643
encoder-only,bert-base-uncased,lora,sst2,48,7,0.4954128440366973,0.5091743119266054,True,False,6.014495372772217,296450,109780228,0.002700395193203643
encoder-only,bert-base-uncased,lora,sst2,48,13,0.5424311926605505,0.5091743119266054,False,False,6.4292216300964355,296450,109780228,0.002700395193203643
encoder-only,bert-base-uncased,lora,sst2,48,29,0.5114678899082569,0.5091743119266054,False,False,5.846917152404785,296450,109780228,0.002700395193203643
encoder-only,bert-base-uncased,lora,sst2,96,7,0.5619266055045872,0.5091743119266054,False,False,5.8904523849487305,296450,109780228,0.002700395193203643
encoder-only,bert-base-uncased,lora,sst2,96,13,0.5928899082568807,0.5091743119266054,False,False,5.61262845993042,296450,109780228,0.002700395193203643
encoder-only,bert-base-uncased,lora,sst2,96,29,0.5103211009174312,0.5091743119266054,False,False,6.077419757843018,296450,109780228,0.002700395193203643
encoder-only,bert-base-uncased,lora,sst2,192,7,0.6823394495412844,0.5091743119266054,False,False,6.08587646484375,296450,109780228,0.002700395193203643
encoder-only,bert-base-uncased,lora,sst2,192,13,0.5779816513761468,0.5091743119266054,False,False,8.712602615356445,296450,109780228,0.002700395193203643
encoder-only,bert-base-uncased,lora,sst2,192,29,0.6055045871559633,0.5091743119266054,False,False,7.237485885620117,296450,109780228,0.002700395193203643
encoder-only,bert-base-uncased,lora,sst2,384,7,0.8463302752293578,0.5091743119266054,False,False,8.225213050842285,296450,109780228,0.002700395193203643
encoder-only,bert-base-uncased,lora,sst2,384,13,0.8440366972477065,0.5091743119266054,False,False,6.4254469871521,296450,109780228,0.002700395193203643
encoder-only,bert-base-uncased,lora,sst2,384,29,0.8004587155963303,0.5091743119266054,False,False,12.050921440124512,296450,109780228,0.002700395193203643
